{
  "encoder": "vit_small_patch16_dinov3.lvd1689m",
  "n_samples": 800,
  "results": {
    "img": {
      "absrel": 0.13860400021076202,
      "rmse": 6.678944110870361,
      "delta1": 0.8207411766052246,
      "pearson": 0.955995500087738,
      "r2": 0.9139028191566467
    },
    "ray": {
      "absrel": 0.2862445116043091,
      "rmse": 10.71812629699707,
      "delta1": 0.6429008841514587,
      "pearson": 0.8627611398696899,
      "r2": 0.7422274351119995
    },
    "img+ray": {
      "absrel": 0.13944832980632782,
      "rmse": 6.787502288818359,
      "delta1": 0.8169625401496887,
      "pearson": 0.9545233249664307,
      "r2": 0.9110236167907715
    },
    "img_shuf": {
      "absrel": 0.33903515338897705,
      "rmse": 11.489575386047363,
      "delta1": 0.6056176424026489,
      "pearson": 0.8244155645370483,
      "r2": 0.6687103509902954
    },
    "mean": {
      "absrel": 0.7041894793510437,
      "rmse": 16.096450805664062,
      "delta1": 0.16455703973770142,
      "pearson": 0.0,
      "r2": -0.00010263919830322266
    }
  }
}