{
  "n_samples": 600,
  "pooled": {
    "sdvae_p": {
      "absrel": 0.6726100444793701,
      "rmse": 16.156328201293945,
      "delta1": 0.20181840658187866,
      "pearson": 0.4085654616355896,
      "r2": 0.16620200872421265
    },
    "raymap_p": {
      "absrel": 0.32854530215263367,
      "rmse": 11.4290189743042,
      "delta1": 0.5822356939315796,
      "pearson": 0.8546543121337891,
      "r2": 0.729860782623291
    },
    "sdvae+ray_p": {
      "absrel": 0.3561170995235443,
      "rmse": 12.079328536987305,
      "delta1": 0.5432568192481995,
      "pearson": 0.8314713835716248,
      "r2": 0.6911024451255798
    },
    "dinov2_p": {
      "absrel": 0.15862013399600983,
      "rmse": 6.9097161293029785,
      "delta1": 0.783541202545166,
      "pearson": 0.9582613110542297,
      "r2": 0.9178404808044434
    },
    "dinov2+ray_p": {
      "absrel": 0.1574101448059082,
      "rmse": 6.851012229919434,
      "delta1": 0.785895824432373,
      "pearson": 0.9583761096000671,
      "r2": 0.9179922938346863
    },
    "mean_p": {
      "absrel": 0.7526090741157532,
      "rmse": 17.38219451904297,
      "delta1": 0.17493881285190582,
      "pearson": -8.805722018223605e-08,
      "r2": -0.00011181831359863281
    },
    "combo14_p": {
      "absrel": 0.17427696287631989,
      "rmse": 7.449405193328857,
      "delta1": 0.7468469738960266,
      "pearson": 0.9490906000137329,
      "r2": 0.9007004499435425
    }
  },
  "learned_proj": {
    "4": 0.9409213066101074,
    "8": 0.943420946598053,
    "16": 0.9450100660324097,
    "32": 0.9462920427322388,
    "64": 0.948861300945282,
    "384": 0.9508657455444336
  },
  "pca_proj": {
    "4": 0.7764759659767151,
    "8": 0.8764818906784058,
    "16": 0.9177314043045044,
    "32": 0.9284454584121704,
    "64": 0.9366739988327026
  },
  "pooling_loss": -0.00537610960006718,
  "dinov2_margin_over_sdvae": 0.12690472602844238,
  "min_channels_0p85": 4
}