{
  "n_samples": 500,
  "n_valid_cells": 484769,
  "has_depth_anything": false,
  "results": {
    "sdvae": {
      "absrel": 0.64511638879776,
      "rmse": 15.206058502197266,
      "delta1": 0.19861118495464325,
      "pearson": 0.35835960507392883,
      "r2": 0.12725597620010376
    },
    "raymap": {
      "absrel": 0.2939225435256958,
      "rmse": 11.424539566040039,
      "delta1": 0.6324688196182251,
      "pearson": 0.8455057144165039,
      "r2": 0.7088770866394043
    },
    "sdvae+ray": {
      "absrel": 0.3019569218158722,
      "rmse": 11.645763397216797,
      "delta1": 0.6270713806152344,
      "pearson": 0.8336864113807678,
      "r2": 0.6911716461181641
    },
    "dinov2": {
      "absrel": 0.1590261161327362,
      "rmse": 7.10869026184082,
      "delta1": 0.787006139755249,
      "pearson": 0.9487252235412598,
      "r2": 0.8991038799285889
    },
    "dinov2+ray": {
      "absrel": 0.16253945231437683,
      "rmse": 7.171370029449463,
      "delta1": 0.7892997860908508,
      "pearson": 0.9485837817192078,
      "r2": 0.8981101512908936
    },
    "mean": {
      "absrel": 0.6970984935760498,
      "rmse": 16.003965377807617,
      "delta1": 0.16131305694580078,
      "pearson": -8.672072482340809e-08,
      "r2": -9.179115295410156e-06
    }
  },
  "raymap_baseline": 0.8455057144165039,
  "lifts": {
    "sdvae+ray": -0.011819303035736084,
    "dinov2+ray": 0.10307806730270386
  },
  "verdict": "GREEN LIGHT \u2014 a depth-aware encoder adds real depth residual."
}