{
  "encoder": "dinov2-small",
  "n_samples": 800,
  "n_valid_cells": 775882,
  "results": {
    "img": {
      "absrel": 0.1482027918100357,
      "rmse": 6.868411540985107,
      "delta1": 0.806271493434906,
      "pearson": 0.952574610710144,
      "r2": 0.9073733687400818
    },
    "ray": {
      "absrel": 0.2862445116043091,
      "rmse": 10.71812629699707,
      "delta1": 0.6429008841514587,
      "pearson": 0.8627611398696899,
      "r2": 0.7422274351119995
    },
    "img+ray": {
      "absrel": 0.1500234156847,
      "rmse": 6.8054962158203125,
      "delta1": 0.8082897663116455,
      "pearson": 0.9533023238182068,
      "r2": 0.9085272550582886
    },
    "img_shuf": {
      "absrel": 0.3196088671684265,
      "rmse": 11.24224853515625,
      "delta1": 0.6070233583450317,
      "pearson": 0.830528736114502,
      "r2": 0.6865209341049194
    },
    "mean": {
      "absrel": 0.7041894793510437,
      "rmse": 16.096450805664062,
      "delta1": 0.16455703973770142,
      "pearson": 0.0,
      "r2": -0.00010263919830322266
    }
  },
  "verdict": "DINOv2 FEATURES CARRY DEPTH"
}