{
  "ckpt": "s2s_min/out/runs/2026-05-29_184618__m3-unet-60M-posenc-fix1-warmstart/lidar_unet_best.pt",
  "ckpt_step": 946,
  "ckpt_loss_ema": 0.3201293351218639,
  "n_samples": 32,
  "timesteps": [
    100,
    300,
    500,
    700,
    900
  ],
  "n_observations": 160,
  "front_band_cols": [
    104,
    152
  ],
  "mse_front_mean": 0.33034354066912786,
  "mse_back_mean": 0.35184942824472765,
  "mse_overall": 0.3478170743243027,
  "back_to_front_ratio": 1.0651015834365598
}